{
  "total_functions": 53,
  "overall_avg": 0.29615384615384616,
  "preconditions_avg": 0.4882692307692308,
  "postconditions_avg": 0.29346153846153844,
  "edge_cases_avg": 0.10692307692307693,
  "by_module": {
    "builtins": 0.30300000000000005,
    "functools": 0.275,
    "math": 0.454,
    "operator": 0.20800000000000002,
    "random": 0.255,
    "statistics": 0.24899999999999997
  }
}